nome,professioni,discepolo_di,coniuge_di,campo_di_attivita,influenced_by,influenced,political_party,doctoral_advisor,predecessore,successore,professione,macro_area,sotto_area
Nicola Abbagnano,scrittore,,Marian Taylor Abbagnano,filosofia,,,[],,,,scrittore,Arti & Cultura,Scrittura
Nicola Abbagnano,professore universitario,,Marian Taylor Abbagnano,filosofia,,,[],,,,professore universitario,Accademia,Docente universitario
Nicola Abbagnano,filosofo,,Marian Taylor Abbagnano,filosofia,,,[],,,,filosofo,Filosofia,Filosofia
Ferdinando Accornero,neuropsichiatra,,,,,,[],,,,neuropsichiatra,Medicina,Neuropsichiatria
Cesare Agostini,politico,,,,,,[],,,,politico,Politica & Diritto,Politica
Alfredo Albertini,giudice,,,,,,[],,,,giudice,Politica & Diritto,Magistratura
Alfredo Albertini,medico,,,,,,[],,,,medico,Medicina,Medicina generale
Alfredo Albertini,professore,,,,,,[],,,,professore,Accademia,Docente
Alfredo Albertini,redattore,,,,,,[],,,,redattore,Media & Cinema,Editoria
Alfredo Albertini,ufficiale medico,,,,,,[],,,,ufficiale medico,Medicina,Medicina militare
Antonio Aliotta,filosofo,Luigi Stefanini,,,,,[],,,,filosofo,Filosofia,Filosofia
Giuseppe Amadei,politico,,,,,,"[{""party"": ""Partito Socialista Democratico Italiano"", ""start"": null, ""end"": null}]",,,,politico,Politica & Diritto,Politica
Giuseppe Amadei,storico dell'arte,,,,,,"[{""party"": ""Partito Socialista Democratico Italiano"", ""start"": null, ""end"": null}]",,,,storico dell'arte,Arti & Cultura,Storia dell'arte
Giuseppe Amadei,collezionista d'arte,,,,,,"[{""party"": ""Partito Socialista Democratico Italiano"", ""start"": null, ""end"": null}]",,,,collezionista d'arte,Arti & Cultura,Arte
Ornella Andreani Dentici,psicologo,,,,,,[],,,,psicologo,Psicologia,Psicologia generale
Giuseppe Antonini (junior),,,,,,,,,,,,,
Giuseppe Antonini (senior),,,,,,,,,,,,,
Roberto Ardigò,politico,,,filosofia; sociologia; pedagogia; psicologia,Giordano Bruno; Auguste Comte; Herbert Spencer; Cesare Lombroso; Pietro Pomponazzi,,[],,,,politico,Politica & Diritto,Politica
Roberto Ardigò,psicologo,,,filosofia; sociologia; pedagogia; psicologia,Giordano Bruno; Auguste Comte; Herbert Spencer; Cesare Lombroso; Pietro Pomponazzi,,[],,,,psicologo,Psicologia,Psicologia generale
Roberto Ardigò,pedagogista,,,filosofia; sociologia; pedagogia; psicologia,Giordano Bruno; Auguste Comte; Herbert Spencer; Cesare Lombroso; Pietro Pomponazzi,,[],,,,pedagogista,Scienze Sociali,Pedagogia
Roberto Ardigò,sociologo,,,filosofia; sociologia; pedagogia; psicologia,Giordano Bruno; Auguste Comte; Herbert Spencer; Cesare Lombroso; Pietro Pomponazzi,,[],,,,sociologo,Scienze Sociali,Sociologia
Roberto Ardigò,filosofo,,,filosofia; sociologia; pedagogia; psicologia,Giordano Bruno; Auguste Comte; Herbert Spencer; Cesare Lombroso; Pietro Pomponazzi,,[],,,,filosofo,Filosofia,Filosofia
Alberto Argenton,artista,,,psicopedagogia; psicologia dell'arte,,,[],,,,artista,Arti & Cultura,Arte
Alberto Argenton,professore universitario,,,psicopedagogia; psicologia dell'arte,,,[],,,,professore universitario,Accademia,Docente universitario
Alberto Argenton,psicopedagogista,,,psicopedagogia; psicologia dell'arte,,,[],,,,psicopedagogista,Psicologia,Psicopedagogia
Silvano Arieti,psichiatra,,,,,,[],,,,psichiatra,Medicina,Psichiatria
Claudia Artoni Schlesinger,psicoanalista,,Piero Schlesinger,,,,[],,,,psicoanalista,Psicologia,Psicoanalisi
Roberto Assagioli,psichiatra,,,,,,[],,,,psichiatra,Medicina,Psichiatria
Roberto Assagioli,psicologo,,,,,,[],,,,psicologo,Psicologia,Psicologia generale
Roberto Assagioli,autore,,,,,,[],,,,autore,Arti & Cultura,Scrittura
Maria Antonietta Aveni Casucci,psicologo,,,,,,[],,,,psicologo,Psicologia,Psicologia generale
Maria Antonietta Aveni Casucci,professore universitario,,,,,,[],,,,professore universitario,Accademia,Docente universitario
Ferruccio Banissoni,psicologo,,,,,,[],,,,psicologo,Psicologia,Psicologia generale
Ferdinando Barison,psichiatra,,,,,,[],,,,psichiatra,Medicina,Psichiatria
Luigi Baroncini,psichiatra,,,,,,[],,,,psichiatra,Medicina,Psichiatria
Raffaele Baroncini,psichiatra,,,,,,[],,,,psichiatra,Medicina,Psichiatria
Franco Basaglia,psichiatra,,,,Jean-Paul Sartre,,"[{""party"": ""Partito Socialista Italiano"", ""start"": null, ""end"": null}]",,,,psichiatra,Medicina,Psichiatria
Franco Basaglia,neurologo,,,,Jean-Paul Sartre,,"[{""party"": ""Partito Socialista Italiano"", ""start"": null, ""end"": null}]",,,,neurologo,Medicina,Neurologia
Franco Basaglia,antropologo,,,,Jean-Paul Sartre,,"[{""party"": ""Partito Socialista Italiano"", ""start"": null, ""end"": null}]",,,,antropologo,Scienze Sociali,Antropologia
Franco Basaglia,terapeuta esistenziale,,,,Jean-Paul Sartre,,"[{""party"": ""Partito Socialista Italiano"", ""start"": null, ""end"": null}]",,,,terapeuta esistenziale,Psicologia,Psicoterapia
Matilde Bassani Finzi,terapeuta familiare,,,,,,[],,,,terapeuta familiare,Psicologia,Psicoterapia
Clifford Whittingham Beers,psicologo,,,,,,[],,,,psicologo,Psicologia,Psicologia generale
Giovanni Battista Belloni,psichiatra,,,,,,[],,,,psichiatra,Medicina,Psichiatria
Ernesto Belmondo,,,,,,,,,,,,,
Gaetano Benedetti,medico,,,medicina; psichiatria; psicoanalisi; psicoterapia,,,[],,,,medico,Medicina,Medicina generale
Gaetano Benedetti,psichiatra,,,medicina; psichiatria; psicoanalisi; psicoterapia,,,[],,,,psichiatra,Medicina,Psichiatria
Gaetano Benedetti,professore universitario,,,medicina; psichiatria; psicoanalisi; psicoterapia,,,[],,,,professore universitario,Accademia,Docente universitario
Gaetano Benedetti,psicoterapeuta,,,medicina; psichiatria; psicoanalisi; psicoterapia,,,[],,,,psicoterapeuta,Psicologia,Psicoterapia
Gaetano Benedetti,psicoanalista,,,medicina; psichiatria; psicoanalisi; psicoterapia,,,[],,,,psicoanalista,Psicologia,Psicoanalisi
Vittorio Benussi,psicoanalista,,,,,,[],,,,psicoanalista,Psicologia,Psicoanalisi
Marino Benvenuti,psichiatra,,,,,,[],,,,psichiatra,Medicina,Psichiatria
Gaspare Bergonzoli,medico,,,,,,[],,,,medico,Medicina,Medicina generale
Carlo Berlucchi,psichiatra,,,,,,[],,,,psichiatra,Medicina,Psichiatria
Carlo Berlucchi,professore universitario,,,,,,[],,,,professore universitario,Accademia,Docente universitario
Antonietta Bernardoni,,,,,,,,,,,,,
Ernst Bernhard,medico,,Dora Friedlaender Bernhard,,,,[],,,,medico,Medicina,Medicina generale
Ernst Bernhard,astrologo,,Dora Friedlaender Bernhard,,,,[],,,,astrologo,Scienze Sociali,Astrologia
Ernst Bernhard,pediatra,,Dora Friedlaender Bernhard,,,,[],,,,pediatra,Medicina,Pediatria
Maria (Mariolina) Elvira Berrini,,,,,,,,,,,,,
Maria Bertolani Del Rio,,,,,,,,,,,,,
Aldo Bertolani,medico,,Maria Del Rio,,,,[],,,,medico,Medicina,Medicina generale
Carlo Besta,neurologo,,,,,,[],,,,neurologo,Medicina,Neurologia
Augusto Guido Bianchi,giornalista,,,,,,[],,,,giornalista,Arti & Cultura,Giornalismo
Augusto Guido Bianchi,criminologo,,,,,,[],,,,criminologo,Scienze Sociali,Criminologia
Leonardo Bianchi,politico,,,neuropatologia,,,[],,Vittorio Emanuele Orlando,Errico De Marinis,politico,Politica & Diritto,Politica
Leonardo Bianchi,neurologo,,,neuropatologia,,,[],,Vittorio Emanuele Orlando,Errico De Marinis,neurologo,Medicina,Neurologia
Leonardo Bianchi,professore universitario,,,neuropatologia,,,[],,Vittorio Emanuele Orlando,Errico De Marinis,professore universitario,Accademia,Docente universitario
Serafino Biffi,medico,,,,,,[],,,,medico,Medicina,Medicina generale
Alfred Binet,psicologo,,,psicometria; ipnosi; psicologia,John Stuart Mill,,[],Jean-Martin Charcot,,,psicologo,Psicologia,Psicologia generale
Alfred Binet,pedagogista,,,psicometria; ipnosi; psicologia,John Stuart Mill,,[],Jean-Martin Charcot,,,pedagogista,Scienze Sociali,Pedagogia
Alfred Binet,sociologo,,,psicometria; ipnosi; psicologia,John Stuart Mill,,[],Jean-Martin Charcot,,,sociologo,Scienze Sociali,Sociologia
Ludwig Binswanger,psichiatra,,Q137897042,psichiatria,Martin Heidegger,,[],,,,psichiatra,Medicina,Psichiatria
Ludwig Binswanger,saggista,,Q137897042,psichiatria,Martin Heidegger,,[],,,,saggista,Arti & Cultura,Saggistica
Ludwig Binswanger,terapeuta esistenziale,,Q137897042,psichiatria,Martin Heidegger,,[],,,,terapeuta esistenziale,Psicologia,Psicoterapia
Bruno Bizzi,,,,,,,,,,,,,
Renato Boeri,partigiano,,Cini Boeri; Grazia Neri,,,,[],,,,partigiano,Politica & Diritto,Resistenza
Renato Boeri,neurologo,,Cini Boeri; Grazia Neri,,,,[],,,,neurologo,Medicina,Neurologia
Giovanni Bollea,psichiatra,,,,,,[],,,,psichiatra,Medicina,Psichiatria
Dino Bolsi,psichiatra,,,,,,[],,,,psichiatra,Medicina,Psichiatria
Giulia Bonarelli Modena,,,,,,,,,,,,,
Enzo Bonaventura,psicologo,,,,,,[],,,,psicologo,Psicologia,Psicologia generale
Francesco Bonucci,psichiatra,,,,,,[],,,,psichiatra,Medicina,Psichiatria
Paolo Bozzi,psicologo,,,,,,[],,,,psicologo,Psicologia,Psicologia generale
Paolo Bozzi,professore universitario,,,,,,[],,,,professore universitario,Accademia,Docente universitario
Riccardo Bozzi,ricercatore,,,,,,[],,,,ricercatore,Accademia,Ricerca
Silvio Brambilla,psichiatra,,,,,,[],,,,psichiatra,Medicina,Psichiatria
Franz Brentano,psicologo,Sigmund Freud; Carl Stumpf; Edmund Husserl; Tomáš Masaryk; Alexius Meinong; Christian von Ehrenfels; Kazimierz Twardowski; Alois Riegl,Emilie Brentano; Emilie Brentano; Ida Brentano,filosofia,,,[],Franz Jakob Clemens,,,psicologo,Psicologia,Psicologia generale
Franz Brentano,professore universitario,Sigmund Freud; Carl Stumpf; Edmund Husserl; Tomáš Masaryk; Alexius Meinong; Christian von Ehrenfels; Kazimierz Twardowski; Alois Riegl,Emilie Brentano; Emilie Brentano; Ida Brentano,filosofia,,,[],Franz Jakob Clemens,,,professore universitario,Accademia,Docente universitario
Franz Brentano,filosofo,Sigmund Freud; Carl Stumpf; Edmund Husserl; Tomáš Masaryk; Alexius Meinong; Christian von Ehrenfels; Kazimierz Twardowski; Alois Riegl,Emilie Brentano; Emilie Brentano; Ida Brentano,filosofia,,,[],Franz Jakob Clemens,,,filosofo,Filosofia,Filosofia
Gabriele Buccola,psichiatra,,,,,,[],,,,psichiatra,Medicina,Psichiatria
Gabriele Buccola,psicologo,,,,,,[],,,,psicologo,Psicologia,Psicologia generale
Vito Maria Buscaino,psichiatra,,,,,,[],,,,psichiatra,Medicina,Psichiatria
Lamberto Caffarelli,compositore,,,filosofia; musica; poesia,,,[],,,,compositore,Arti & Cultura,Musica
Lamberto Caffarelli,poeta,,,filosofia; musica; poesia,,,[],,,,poeta,Arti & Cultura,Poesia
Lamberto Caffarelli,filosofo,,,filosofia; musica; poesia,,,[],,,,filosofo,Filosofia,Filosofia
Benedetto Caliari,pittore,,,,,,[],,,,pittore,Arti & Cultura,Arte
Lorenzo Calvi,psichiatra,,,,,,[],,,,psichiatra,Medicina,Psichiatria
Giovanni Calò,politico,,,,,,[],,,,politico,Politica & Diritto,Politica
Giovanni Calò,pedagogista,,,,,,[],,,,pedagogista,Scienze Sociali,Pedagogia
Carlo Cantoni,scrittore,,,,,,[],,,,scrittore,Arti & Cultura,Scrittura
Carlo Cantoni,politico,,,,,,[],,,,politico,Politica & Diritto,Politica
Carlo Cantoni,professore universitario,,,,,,[],,,,professore universitario,Accademia,Docente universitario
Carlo Cantoni,filosofo,,,,,,[],,,,filosofo,Filosofia,Filosofia
Gastone Canziani,psicologo,,,,,,[],,,,psicologo,Psicologia,Psicologia generale
Gastone Canziani,neuropsichiatra,,,,,,[],,,,neuropsichiatra,Medicina,Neuropsichiatria
Giovanni Capsoni,medico,,,,,,[],,,,medico,Medicina,Medicina generale
Filippo Cardona,psichiatra,,,,,,[],,,,psichiatra,Medicina,Psichiatria
Cesare Castiglioni,psichiatra,,,,,,[],,,,psichiatra,Medicina,Psichiatria
Carlo Cattaneo,scrittore,,,,,,"[{""party"": ""Partito d'Azione (1853-1867)"", ""start"": null, ""end"": null}]",,,,scrittore,Arti & Cultura,Scrittura
Carlo Cattaneo,politico,,,,,,"[{""party"": ""Partito d'Azione (1853-1867)"", ""start"": null, ""end"": null}]",,,,politico,Politica & Diritto,Politica
Carlo Cattaneo,storico,,,,,,"[{""party"": ""Partito d'Azione (1853-1867)"", ""start"": null, ""end"": null}]",,,,storico,Arti & Cultura,Storia
Carlo Cattaneo,politologo,,,,,,"[{""party"": ""Partito d'Azione (1853-1867)"", ""start"": null, ""end"": null}]",,,,politologo,Scienze Sociali,Scienza politica
Carlo Cattaneo,accademico,,,,,,"[{""party"": ""Partito d'Azione (1853-1867)"", ""start"": null, ""end"": null}]",,,,accademico,Accademia,Accademico
Carlo Cattaneo,filosofo,,,,,,"[{""party"": ""Partito d'Azione (1853-1867)"", ""start"": null, ""end"": null}]",,,,filosofo,Filosofia,Filosofia
Carlo Cattaneo,linguista,,,,,,"[{""party"": ""Partito d'Azione (1853-1867)"", ""start"": null, ""end"": null}]",,,,linguista,Arti & Cultura,Linguistica
Carlo Cattaneo,patriota,,,,,,"[{""party"": ""Partito d'Azione (1853-1867)"", ""start"": null, ""end"": null}]",,,,patriota,Politica & Diritto,Patriottismo
Ferdinando Cazzamalli,politico,,,,,,"[{""party"": ""Partito Socialista Italiano"", ""start"": null, ""end"": null}]",,,,politico,Politica & Diritto,Politica
Ferdinando Cazzamalli,psichiatra,,,,,,"[{""party"": ""Partito Socialista Italiano"", ""start"": null, ""end"": null}]",,,,psichiatra,Medicina,Psichiatria
Carlo Lorenzo Cazzullo,psichiatra,,,,,,[],,,,psichiatra,Medicina,Psichiatria
Ugo Cerletti,inventore,,,neurobiologia; neurologia; psichiatria; malattia di Alzheimer,,,[],,,,inventore,Scienze Naturali,Innovazione
Ugo Cerletti,psichiatra,,,neurobiologia; neurologia; psichiatria; malattia di Alzheimer,,,[],,,,psichiatra,Medicina,Psichiatria
Ugo Cerletti,neurologo,,,neurobiologia; neurologia; psichiatria; malattia di Alzheimer,,,[],,,,neurologo,Medicina,Neurologia
Ugo Cerletti,professore universitario,,,neurobiologia; neurologia; psichiatria; malattia di Alzheimer,,,[],,,,professore universitario,Accademia,Docente universitario
Ugo Cerletti,neuroscienziato,,,neurobiologia; neurologia; psichiatria; malattia di Alzheimer,,,[],,,,neuroscienziato,Scienze Naturali,Neuroscienze
Amos Chiabov,psichiatra,,,,,,[],,,,psichiatra,Medicina,Psichiatria
Emilio Chiocchetti,professore universitario,,,filosofia,,,[],,,,professore universitario,Accademia,Docente universitario
Emilio Chiocchetti,religioso cristiano,,,filosofia,,,[],,,,religioso cristiano,Religione,Religioso
Emilio Chiocchetti,filosofo,,,filosofia,,,[],,,,filosofo,Filosofia,Filosofia
Edouard Claparède,,,,,,,,,,,,,
Giovanni Clerici,compositore,,,,,,[],,,,compositore,Arti & Cultura,Musica
Giovanni Clerici,direttore d'orchestra,,,,,,[],,,,direttore d'orchestra,Arti & Cultura,Musica
Giovanni Clerici,pianista,,,,,,[],,,,pianista,Arti & Cultura,Musica
Amadio Coen,psichiatra,,,,,,[],,,,psichiatra,Medicina,Psichiatria
Rosolino Colella,scienziato,,,,,,[],,,,scienziato,Scienze Naturali,Scienze generali
Rosolino Colella,medico,,,,,,[],,,,medico,Medicina,Medicina generale
Rosolino Colella,politico,,,,,,[],,,,politico,Politica & Diritto,Politica
Cesare Colucci,psicologo,,,,,,[],,,,psicologo,Psicologia,Psicologia generale
Letizia Comba,psicologo,,,,,,[],,,,psicologo,Psicologia,Psicologia generale
Placido Consiglio,psicologo,,,,,,[],,,,psicologo,Psicologia,Psicologia generale
Alfredo Coppola,psichiatra,,,,,,[],,,,psichiatra,Medicina,Psichiatria
Alfredo Coppola,neurologo,,,,,,[],,,,neurologo,Medicina,Neurologia
Giuseppe Corberi,psicologo,,,,,,[],,,,psicologo,Psicologia,Psicologia generale
Edelweiss Cotti,psichiatra,,,,,,[],,,,psichiatra,Medicina,Psichiatria
Jules Courtier,psicologo,,,,,,[],,,,psicologo,Psicologia,Psicologia generale
Luigi Credaro,politico,,,storia della filosofia,,,[],,Edoardo Daneo,Edoardo Daneo,politico,Politica & Diritto,Politica
Luigi Credaro,professore universitario,,,storia della filosofia,,,[],,Edoardo Daneo,Edoardo Daneo,professore universitario,Accademia,Docente universitario
Luigi Credaro,storico della filosofia,,,storia della filosofia,,,[],,Edoardo Daneo,Edoardo Daneo,storico della filosofia,Filosofia,Storia della filosofia
Raffaele (Benedetto) D'Acquisto,,,,,,,,,,,,,
Serafino D'Antona,neuropatologo,,,,,,[],,,,neuropatologo,Medicina,Neuropatologia
Amedeo Dalla Volta,psicologo,Aldo Franchini,,,,,[],,,,psicologo,Psicologia,Psicologia generale
Amedeo Dalla Volta,professore universitario,Aldo Franchini,,,,,[],,,,professore universitario,Accademia,Docente universitario
Amedeo Dalla Volta,medico legale,Aldo Franchini,,,,,[],,,,medico legale,Medicina,Medicina legale
Lionello De Lisi,neuropsichiatra,,,,,,[],,,,neuropsichiatra,Medicina,Neuropsichiatria
Silvia De Marchi,psicologo,,,,,,[],,,,psicologo,Psicologia,Psicologia generale
Ernesto de Martino,antropologo,Giulio Angioni; Bachisio Bandinu; Placido Cherchi,,,,,[],,,,antropologo,Scienze Sociali,Antropologia
Ernesto de Martino,etnografo,Giulio Angioni; Bachisio Bandinu; Placido Cherchi,,,,,[],,,,etnografo,Scienze Sociali,Etnografia
Ernesto de Martino,storico delle religioni,Giulio Angioni; Bachisio Bandinu; Placido Cherchi,,,,,[],,,,storico delle religioni,Arti & Cultura,Storia delle religioni
Dario De Martis,psichiatra,,,,,,[],,,,psichiatra,Medicina,Psichiatria
Dario De Martis,neurologo,,,,,,[],,,,neurologo,Medicina,Neurologia
Guglielmo De Pastrovich,,,,,,,,,,,,,
Carlo De Sanctis,sacerdote,,,,,,[],,,,sacerdote,Religione,Sacerdote
Sante De Sanctis,psichiatra,,,,,,[],,,,psichiatra,Medicina,Psichiatria
Sante De Sanctis,psicologo,,,,,,[],,,,psicologo,Psicologia,Psicologia generale
Sante De Sanctis,professore universitario,,,,,,[],,,,professore universitario,Accademia,Docente universitario
Francesco De Sarlo,psicologo,,,,,,[],,,,psicologo,Psicologia,Psicologia generale
Francesco De Sarlo,filosofo,,,,,,[],,,,filosofo,Filosofia,Filosofia
Angelo De Vincenti,medico,,,,,,[],,,,medico,Medicina,Medicina generale
Angelo Della Beffa,psichiatra,,,,,,[],,,,psichiatra,Medicina,Psichiatria
Guido Della Valle,pedagogista,,,,,,[],,,,pedagogista,Scienze Sociali,Pedagogia
Guido Della Valle,filosofo,,,,,,[],,,,filosofo,Filosofia,Filosofia
Marcel Deprez,ingegnere,,,,,,[],,,,ingegnere,Scienze Naturali,Ingegneria
Marcel Deprez,elettricista,,,,,,[],,,,elettricista,Scienze Naturali,Tecnica
Marcel Deprez,fisico,,,,,,[],,,,fisico,Scienze Naturali,Fisica
Marcel Deprez,ingegnere elettrico,,,,,,[],,,,ingegnere elettrico,Scienze Naturali,Ingegneria
Benigno Di Tullio,docente,,,,,,[],,,,docente,Accademia,Docente
Benigno Di Tullio,psichiatra,,,,,,[],,,,psichiatra,Medicina,Psichiatria
Benigno Di Tullio,antropologo,,,,,,[],,,,antropologo,Scienze Sociali,Antropologia
Giuseppe (Beppino) Disertori,,,,,,,,,,,,,
Arturo Donaggio,psichiatra,,,,,,[],,,,psichiatra,Medicina,Psichiatria
Casimiro Doniselli,psicologo,,,,,,[],,,,psicologo,Psicologia,Psicologia generale
Casimiro Doniselli,professore universitario,,,,,,[],,,,professore universitario,Accademia,Docente universitario
Paul Charles Dubois,neurologo,,,neurologia,Johann Christian August Heinroth,,[],Johann Christian August Heinroth,,,neurologo,Medicina,Neurologia
Paul Charles Dubois,psicoterapeuta,,,neurologia,Johann Christian August Heinroth,,[],Johann Christian August Heinroth,,,psicoterapeuta,Psicologia,Psicoterapia
Hermann Ebbinghaus,psicologo,,,psicologia,Gustav Fechner,,[],,,,psicologo,Psicologia,Psicologia generale
Hermann Ebbinghaus,pedagogista,,,psicologia,Gustav Fechner,,[],,,,pedagogista,Scienze Sociali,Pedagogia
Hermann Ebbinghaus,professore universitario,,,psicologia,Gustav Fechner,,[],,,,professore universitario,Accademia,Docente universitario
Christian von Ehrenfels,professore,,,,,,[],,,,professore,Accademia,Docente
Christian von Ehrenfels,psicologo,,,,,,[],,,,psicologo,Psicologia,Psicologia generale
Christian von Ehrenfels,filosofo,,,,,,[],,,,filosofo,Filosofia,Filosofia
Lorenzo Ellero,politico,,,,,,[],,,,politico,Politica & Diritto,Politica
Lorenzo Ellero,psichiatra,,,,,,[],,,,psichiatra,Medicina,Psichiatria
Augusto Ermentini,psicologo,,,,,,[],,,,psicologo,Psicologia,Psicologia generale
Augusto Ermentini,antropologo,,,,,,[],,,,antropologo,Scienze Sociali,Antropologia
Elvio Fachinelli,psichiatra,,,,,,[],,,,psichiatra,Medicina,Psichiatria
Massimo Fagioli,sceneggiatore,,,psichiatria,,,[],,,,sceneggiatore,Media & Cinema,Cinema
Massimo Fagioli,psichiatra,,,psichiatria,,,[],,,,psichiatra,Medicina,Psichiatria
Massimo Fagioli,direttore della fotografia,,,psichiatria,,,[],,,,direttore della fotografia,Media & Cinema,Cinema
Massimo Fagioli,autore,,,psichiatria,,,[],,,,autore,Arti & Cultura,Scrittura
Massimo Fagioli,autore di musica per il cinema,,,psichiatria,,,[],,,,autore di musica per il cinema,Media & Cinema,Cinema
Massimo Fagioli,regista cinematografico,,,psichiatria,,,[],,,,regista cinematografico,Media & Cinema,Cinema
Massimo Fagioli,montatore,,,psichiatria,,,[],,,,montatore,Media & Cinema,Cinema
Massimo Fagioli,attore cinematografico,,,psichiatria,,,[],,,,attore cinematografico,Media & Cinema,Cinema
Maria Luisa Falorni,psicologo,,,,,,[],,,,psicologo,Psicologia,Psicologia generale
Maria Luisa Falorni,professore universitario,,,,,,[],,,,professore universitario,Accademia,Docente universitario
Gustav Theodor Fechner,,,,,,,,,,,,,
Paul Federn,medico,,,medicina; psicoanalisi; medicina interna,,,[],,,,medico,Medicina,Medicina generale
Paul Federn,psichiatra,,,medicina; psicoanalisi; medicina interna,,,[],,,,psichiatra,Medicina,Psichiatria
Paul Federn,psicoanalista,,,medicina; psicoanalisi; medicina interna,,,[],,,,psicoanalista,Psicologia,Psicoanalisi
Paul Federn,internista,,,medicina; psicoanalisi; medicina interna,,,[],,,,internista,Medicina,Medicina interna
Giulio Cesare Ferrari,psichiatra,,Emilia Giordani Ferrari,,,,[],,,,psichiatra,Medicina,Psichiatria
Adamo Mario Fiamberti,,,,,,,,,,,,,
Lodovico Figna,medico,,,,,,[],,,,medico,Medicina,Medicina generale
Franco Fornari,psichiatra,,,,,,[],,,,psichiatra,Medicina,Psichiatria
Franco Fornari,psicoanalista,,,,,,[],,,,psicoanalista,Psicologia,Psicoanalisi
Onofrio Fragnito,psichiatra,,,,,,[],,,,psichiatra,Medicina,Psichiatria
Aldo Franchini,professore universitario,,,,,,[],,,,professore universitario,Accademia,Docente universitario
Aldo Franchini,medico legale,,,,,,[],,,,medico legale,Medicina,Medicina legale
Dora Friedlaender Bernhard,psicologo,,,,,,[],,,,psicologo,Psicologia,Psicologia generale
Gioacchino Fumarola,psichiatra,,,,,,[],,,,psichiatra,Medicina,Psichiatria
Gaetano Funaioli,,,,,,,,,,,,,
Pietro Paolo Fusco,poeta,,,,,,[],,,,poeta,Arti & Cultura,Poesia
Eugenio Gaddini,psicoanalista,,,,Donald Winnicott,,[],,,,psicoanalista,Psicologia,Psicoanalisi
Mariella Gambino Loriga,psicologo,,,,,,[],,,,psicologo,Psicologia,Psicologia generale
Mariella Gambino Loriga,pedagogista,,,,,,[],,,,pedagogista,Scienze Sociali,Pedagogia
Ermenegildo (Gildo) Gastaldi,,,,,,,,,,,,,
Alessandro Gatti,sceneggiatore,,,,,,[],,,,sceneggiatore,Media & Cinema,Cinema
Alessandro Gatti,scrittore,,,,,,[],,,,scrittore,Arti & Cultura,Scrittura
Alessandro Gatti,traduttore,,,,,,[],,,,traduttore,Arti & Cultura,Traduzione
Alessandro Gatti,scrittore di fantascienza,,,,,,[],,,,scrittore di fantascienza,Arti & Cultura,Scrittura
Agostino Gemelli,medico,Giacomo Lorenzini,,,,,[],,,,medico,Medicina,Medicina generale
Agostino Gemelli,religioso cristiano,Giacomo Lorenzini,,,,,[],,,,religioso cristiano,Religione,Religioso
Ferruccio Giacanelli,psichiatra,,,,,,[],,,,psichiatra,Medicina,Psichiatria
Emilia Giordani Ferrari,docente,,,,,,[],,,,docente,Accademia,Docente
Camillo Golgi,scienziato,Casimiro Mondino,Lina Aletti,anatomia; medicina; scienza; istologia; malaria; patologia,,,[],Cesare Lombroso,,,scienziato,Scienze Naturali,Scienze generali
Camillo Golgi,medico,Casimiro Mondino,Lina Aletti,anatomia; medicina; scienza; istologia; malaria; patologia,,,[],Cesare Lombroso,,,medico,Medicina,Medicina generale
Camillo Golgi,politico,Casimiro Mondino,Lina Aletti,anatomia; medicina; scienza; istologia; malaria; patologia,,,[],Cesare Lombroso,,,politico,Politica & Diritto,Politica
Camillo Golgi,professore,Casimiro Mondino,Lina Aletti,anatomia; medicina; scienza; istologia; malaria; patologia,,,[],Cesare Lombroso,,,professore,Accademia,Docente
Camillo Golgi,neurologo,Casimiro Mondino,Lina Aletti,anatomia; medicina; scienza; istologia; malaria; patologia,,,[],Cesare Lombroso,,,neurologo,Medicina,Neurologia
Camillo Golgi,biologo,Casimiro Mondino,Lina Aletti,anatomia; medicina; scienza; istologia; malaria; patologia,,,[],Cesare Lombroso,,,biologo,Scienze Naturali,Biologia
Camillo Golgi,professore universitario,Casimiro Mondino,Lina Aletti,anatomia; medicina; scienza; istologia; malaria; patologia,,,[],Cesare Lombroso,,,professore universitario,Accademia,Docente universitario
Camillo Golgi,patologo,Casimiro Mondino,Lina Aletti,anatomia; medicina; scienza; istologia; malaria; patologia,,,[],Cesare Lombroso,,,patologo,Medicina,Patologia
Camillo Golgi,anatomista,Casimiro Mondino,Lina Aletti,anatomia; medicina; scienza; istologia; malaria; patologia,,,[],Cesare Lombroso,,,anatomista,Medicina,Anatomia
Camillo Golgi,biologo cellulare,Casimiro Mondino,Lina Aletti,anatomia; medicina; scienza; istologia; malaria; patologia,,,[],Cesare Lombroso,,,biologo cellulare,Scienze Naturali,Biologia
Emanuele Gualandri,,,,,,,,,,,,,
Giuseppe Guicciardi,psichiatra,,,,,,[],,,,psichiatra,Medicina,Psichiatria
Giuseppe Guicciardi,professore universitario,,,,,,[],,,,professore universitario,Accademia,Docente universitario
Hermann von Helmholtz,scienziato,Theodor Leber; Ágost Heller; Aleksey Sokolov,Anna von Helmholtz; Olga von Helmholtz,fisiologia; medicina; fisica; psicologia,,,[],Johannes Peter Müller,Heinrich Adolf von Bardeleben; Emil du Bois-Reymond,Wilhelm von Bezold; Eduard Zeller,scienziato,Scienze Naturali,Scienze generali
Hermann von Helmholtz,naturalista,Theodor Leber; Ágost Heller; Aleksey Sokolov,Anna von Helmholtz; Olga von Helmholtz,fisiologia; medicina; fisica; psicologia,,,[],Johannes Peter Müller,Heinrich Adolf von Bardeleben; Emil du Bois-Reymond,Wilhelm von Bezold; Eduard Zeller,naturalista,Scienze Naturali,Scienze naturali
Hermann von Helmholtz,fisico,Theodor Leber; Ágost Heller; Aleksey Sokolov,Anna von Helmholtz; Olga von Helmholtz,fisiologia; medicina; fisica; psicologia,,,[],Johannes Peter Müller,Heinrich Adolf von Bardeleben; Emil du Bois-Reymond,Wilhelm von Bezold; Eduard Zeller,fisico,Scienze Naturali,Fisica
Hermann von Helmholtz,psicologo,Theodor Leber; Ágost Heller; Aleksey Sokolov,Anna von Helmholtz; Olga von Helmholtz,fisiologia; medicina; fisica; psicologia,,,[],Johannes Peter Müller,Heinrich Adolf von Bardeleben; Emil du Bois-Reymond,Wilhelm von Bezold; Eduard Zeller,psicologo,Psicologia,Psicologia generale
Hermann von Helmholtz,professore universitario,Theodor Leber; Ágost Heller; Aleksey Sokolov,Anna von Helmholtz; Olga von Helmholtz,fisiologia; medicina; fisica; psicologia,,,[],Johannes Peter Müller,Heinrich Adolf von Bardeleben; Emil du Bois-Reymond,Wilhelm von Bezold; Eduard Zeller,professore universitario,Accademia,Docente universitario
Hermann von Helmholtz,fisiologo,Theodor Leber; Ágost Heller; Aleksey Sokolov,Anna von Helmholtz; Olga von Helmholtz,fisiologia; medicina; fisica; psicologia,,,[],Johannes Peter Müller,Heinrich Adolf von Bardeleben; Emil du Bois-Reymond,Wilhelm von Bezold; Eduard Zeller,fisiologo,Medicina,Fisiologia
Hermann von Helmholtz,patologo,Theodor Leber; Ágost Heller; Aleksey Sokolov,Anna von Helmholtz; Olga von Helmholtz,fisiologia; medicina; fisica; psicologia,,,[],Johannes Peter Müller,Heinrich Adolf von Bardeleben; Emil du Bois-Reymond,Wilhelm von Bezold; Eduard Zeller,patologo,Medicina,Patologia
Hermann von Helmholtz,ufficiale medico,Theodor Leber; Ágost Heller; Aleksey Sokolov,Anna von Helmholtz; Olga von Helmholtz,fisiologia; medicina; fisica; psicologia,,,[],Johannes Peter Müller,Heinrich Adolf von Bardeleben; Emil du Bois-Reymond,Wilhelm von Bezold; Eduard Zeller,ufficiale medico,Medicina,Medicina militare
Hermann von Helmholtz,filosofo,Theodor Leber; Ágost Heller; Aleksey Sokolov,Anna von Helmholtz; Olga von Helmholtz,fisiologia; medicina; fisica; psicologia,,,[],Johannes Peter Müller,Heinrich Adolf von Bardeleben; Emil du Bois-Reymond,Wilhelm von Bezold; Eduard Zeller,filosofo,Filosofia,Filosofia
Hermann von Helmholtz,anatomista,Theodor Leber; Ágost Heller; Aleksey Sokolov,Anna von Helmholtz; Olga von Helmholtz,fisiologia; medicina; fisica; psicologia,,,[],Johannes Peter Müller,Heinrich Adolf von Bardeleben; Emil du Bois-Reymond,Wilhelm von Bezold; Eduard Zeller,anatomista,Medicina,Anatomia
Hermann von Helmholtz,oculista,Theodor Leber; Ágost Heller; Aleksey Sokolov,Anna von Helmholtz; Olga von Helmholtz,fisiologia; medicina; fisica; psicologia,,,[],Johannes Peter Müller,Heinrich Adolf von Bardeleben; Emil du Bois-Reymond,Wilhelm von Bezold; Eduard Zeller,oculista,Medicina,Oftalmologia
Hermann von Helmholtz,biofisico,Theodor Leber; Ágost Heller; Aleksey Sokolov,Anna von Helmholtz; Olga von Helmholtz,fisiologia; medicina; fisica; psicologia,,,[],Johannes Peter Müller,Heinrich Adolf von Bardeleben; Emil du Bois-Reymond,Wilhelm von Bezold; Eduard Zeller,biofisico,Medicina,Biofisica
Hermann von Helmholtz,musicologo,Theodor Leber; Ágost Heller; Aleksey Sokolov,Anna von Helmholtz; Olga von Helmholtz,fisiologia; medicina; fisica; psicologia,,,[],Johannes Peter Müller,Heinrich Adolf von Bardeleben; Emil du Bois-Reymond,Wilhelm von Bezold; Eduard Zeller,musicologo,Arti & Cultura,Musicologia
Hermann von Helmholtz,teorico della musica,Theodor Leber; Ágost Heller; Aleksey Sokolov,Anna von Helmholtz; Olga von Helmholtz,fisiologia; medicina; fisica; psicologia,,,[],Johannes Peter Müller,Heinrich Adolf von Bardeleben; Emil du Bois-Reymond,Wilhelm von Bezold; Eduard Zeller,teorico della musica,Arti & Cultura,Musicologia
Johann Friedrich Herbart,docente,Heinrich Wilhelm Stoll,,,Parmenide; Immanuel Kant,,[],,,,docente,Accademia,Docente
Johann Friedrich Herbart,psicologo,Heinrich Wilhelm Stoll,,,Parmenide; Immanuel Kant,,[],,,,psicologo,Psicologia,Psicologia generale
Johann Friedrich Herbart,pedagogista,Heinrich Wilhelm Stoll,,,Parmenide; Immanuel Kant,,[],,,,pedagogista,Scienze Sociali,Pedagogia
Johann Friedrich Herbart,professore universitario,Heinrich Wilhelm Stoll,,,Parmenide; Immanuel Kant,,[],,,,professore universitario,Accademia,Docente universitario
Johann Friedrich Herbart,filosofo,Heinrich Wilhelm Stoll,,,Parmenide; Immanuel Kant,,[],,,,filosofo,Filosofia,Filosofia
Amedeo Herlitzka,naturalista,,,,,,[],,,,naturalista,Scienze Naturali,Scienze naturali
Amedeo Herlitzka,professore universitario,,,,,,[],,,,professore universitario,Accademia,Docente universitario
Amedeo Herlitzka,fisiologo,,,,,,[],,,,fisiologo,Medicina,Fisiologia
William James,scrittore,Edward Lee Thorndike; Arthur Oncken Lovejoy; Robert S. Woodworth; Boris Sidis; Mary Whiton Calkins,Alice Gibbens James,filosofia; psicologia,Blaise Pascal; Ralph Waldo Emerson,,[],Hermann von Helmholtz,George Trumbull Ladd; William Lowe Bryan,Mary Whiton Calkins; James McKeen Cattell,scrittore,Arti & Cultura,Scrittura
William James,medico,Edward Lee Thorndike; Arthur Oncken Lovejoy; Robert S. Woodworth; Boris Sidis; Mary Whiton Calkins,Alice Gibbens James,filosofia; psicologia,Blaise Pascal; Ralph Waldo Emerson,,[],Hermann von Helmholtz,George Trumbull Ladd; William Lowe Bryan,Mary Whiton Calkins; James McKeen Cattell,medico,Medicina,Medicina generale
William James,psicologo,Edward Lee Thorndike; Arthur Oncken Lovejoy; Robert S. Woodworth; Boris Sidis; Mary Whiton Calkins,Alice Gibbens James,filosofia; psicologia,Blaise Pascal; Ralph Waldo Emerson,,[],Hermann von Helmholtz,George Trumbull Ladd; William Lowe Bryan,Mary Whiton Calkins; James McKeen Cattell,psicologo,Psicologia,Psicologia generale
William James,professore universitario,Edward Lee Thorndike; Arthur Oncken Lovejoy; Robert S. Woodworth; Boris Sidis; Mary Whiton Calkins,Alice Gibbens James,filosofia; psicologia,Blaise Pascal; Ralph Waldo Emerson,,[],Hermann von Helmholtz,George Trumbull Ladd; William Lowe Bryan,Mary Whiton Calkins; James McKeen Cattell,professore universitario,Accademia,Docente universitario
William James,filosofo,Edward Lee Thorndike; Arthur Oncken Lovejoy; Robert S. Woodworth; Boris Sidis; Mary Whiton Calkins,Alice Gibbens James,filosofia; psicologia,Blaise Pascal; Ralph Waldo Emerson,,[],Hermann von Helmholtz,George Trumbull Ladd; William Lowe Bryan,Mary Whiton Calkins; James McKeen Cattell,filosofo,Filosofia,Filosofia
Pierre Janet,medico,William James,,psichiatria; psicologia,,,[],,Auguste Arnauné; Raoul Leroy,Joseph Capgras; Auguste-Charles Marie; Raphael Georges Lévy,medico,Medicina,Medicina generale
Pierre Janet,professore,William James,,psichiatria; psicologia,,,[],,Auguste Arnauné; Raoul Leroy,Joseph Capgras; Auguste-Charles Marie; Raphael Georges Lévy,professore,Accademia,Docente
Pierre Janet,psichiatra,William James,,psichiatria; psicologia,,,[],,Auguste Arnauné; Raoul Leroy,Joseph Capgras; Auguste-Charles Marie; Raphael Georges Lévy,psichiatra,Medicina,Psichiatria
Pierre Janet,psicologo,William James,,psichiatria; psicologia,,,[],,Auguste Arnauné; Raoul Leroy,Joseph Capgras; Auguste-Charles Marie; Raphael Georges Lévy,psicologo,Psicologia,Psicologia generale
Pierre Janet,neurologo,William James,,psichiatria; psicologia,,,[],,Auguste Arnauné; Raoul Leroy,Joseph Capgras; Auguste-Charles Marie; Raphael Georges Lévy,neurologo,Medicina,Neurologia
Pierre Janet,psicoterapeuta,William James,,psichiatria; psicologia,,,[],,Auguste Arnauné; Raoul Leroy,Joseph Capgras; Auguste-Charles Marie; Raphael Georges Lévy,psicoterapeuta,Psicologia,Psicoterapia
Pierre Janet,filosofo,William James,,psichiatria; psicologia,,,[],,Auguste Arnauné; Raoul Leroy,Joseph Capgras; Auguste-Charles Marie; Raphael Georges Lévy,filosofo,Filosofia,Filosofia
Giovanni (Gionni) Jervis,,,,,,,,,,,,,
Gaetano Kanizsa,psicologo,,,,,,[],,,,psicologo,Psicologia,Psicologia generale
Gaetano Kanizsa,pittore,,,,,,[],,,,pittore,Arti & Cultura,Arte
Gaetano Kanizsa,professore universitario,,,,,,[],,,,professore universitario,Accademia,Docente universitario
David Katz,psicologo,,,,,,[],Roger Cayrel,,,psicologo,Psicologia,Psicologia generale
David Katz,professore universitario,,,,,,[],Roger Cayrel,,,professore universitario,Accademia,Docente universitario
Federico Kiesow,psicologo,,,,,,[],,,,psicologo,Psicologia,Psicologia generale
Federico Kiesow,pedagogista,,,,,,[],,,,pedagogista,Scienze Sociali,Pedagogia
Moissey (Michele) Kobylinski,,,,,,,,,,,,,
Kurt Koffka,psicologo,,,,,,[],,,,psicologo,Psicologia,Psicologia generale
Kurt Koffka,professore universitario,,,,,,[],,,,professore universitario,Accademia,Docente universitario
Wolfgang Köhler,psicologo,,,psicologia,,,[],Carl Stumpf,,,psicologo,Psicologia,Psicologia generale
Wolfgang Köhler,professore universitario,,,psicologia,,,[],Carl Stumpf,,,professore universitario,Accademia,Docente universitario
Wolfgang Köhler,filosofo,,,psicologia,,,[],Carl Stumpf,,,filosofo,Filosofia,Filosofia
Emil Kraepelin,psichiatra,Robert Eugen Gaupp; Ernst Rüdin; Gustav Aschaffenburg; Albert Behr; Arved Bertels; Axel Oehrn; Eduard Robert Michelson; Henryk Higier; Leon Daraszkiewicz; Maurycy Urstein,,,Wilhelm Wundt,,"[{""party"": ""Partito della Patria Tedesca"", ""start"": null, ""end"": null}]",Franz von Rinecker; Wilhelm Wundt,,,psichiatra,Medicina,Psichiatria
Emil Kraepelin,professore universitario,Robert Eugen Gaupp; Ernst Rüdin; Gustav Aschaffenburg; Albert Behr; Arved Bertels; Axel Oehrn; Eduard Robert Michelson; Henryk Higier; Leon Daraszkiewicz; Maurycy Urstein,,,Wilhelm Wundt,,"[{""party"": ""Partito della Patria Tedesca"", ""start"": null, ""end"": null}]",Franz von Rinecker; Wilhelm Wundt,,,professore universitario,Accademia,Docente universitario
Oswald Külpe,economista,Ernst Bloch; Narziss Kaspar Ach,,,,,[],Wilhelm Wundt; Max Heinze,,,economista,Scienze Sociali,Economia
Oswald Külpe,psicologo,Ernst Bloch; Narziss Kaspar Ach,,,,,[],Wilhelm Wundt; Max Heinze,,,psicologo,Psicologia,Psicologia generale
Oswald Külpe,autore,Ernst Bloch; Narziss Kaspar Ach,,,,,[],Wilhelm Wundt; Max Heinze,,,autore,Arti & Cultura,Scrittura
Oswald Külpe,professore universitario,Ernst Bloch; Narziss Kaspar Ach,,,,,[],Wilhelm Wundt; Max Heinze,,,professore universitario,Accademia,Docente universitario
Oswald Külpe,filosofo,Ernst Bloch; Narziss Kaspar Ach,,,,,[],Wilhelm Wundt; Max Heinze,,,filosofo,Filosofia,Filosofia
Nicola Lalli,psichiatra,,Silvia Mazzoni,psicologia clinica,,,[],,,,psichiatra,Medicina,Psichiatria
Nicola Lalli,psicologo clinico,,Silvia Mazzoni,psicologia clinica,,,[],,,,psicologo clinico,Psicologia,Psicologia clinica
Nicola Lalli,professore universitario,,Silvia Mazzoni,psicologia clinica,,,[],,,,professore universitario,Accademia,Docente universitario
Ruggiero Lambranzi,,,,,,,,,,,,,
Amelia Maria Lanzi Doniselli,docente,,,,,,[],,,,docente,Accademia,Docente
Amelia Maria Lanzi Doniselli,psicologo,,,,,,[],,,,psicologo,Psicologia,Psicologia generale
Marco Levi Bianchini,psichiatra,,,,,,[],,,,psichiatra,Medicina,Psichiatria
Luisa Levi,medico,,,,,,[],,,,medico,Medicina,Medicina generale
Sergio Levi,pediatra,,,,,,[],,,,pediatra,Medicina,Pediatria
Carlo Livi,psichiatra,,,,,,[],,,,psichiatra,Medicina,Psichiatria
Carlo Livi,fisiologo,,,,,,[],,,,fisiologo,Medicina,Fisiologia
Marco Lombardo Radice,scrittore,,,,,,[],,,,scrittore,Arti & Cultura,Scrittura
Cesare Lombroso,scrittore,Camillo Golgi; Enrico Ferri; Raffaele Garofalo; Luigi Roncoroni,,criminologia; psichiatria,,,[],,,,scrittore,Arti & Cultura,Scrittura
Cesare Lombroso,medico,Camillo Golgi; Enrico Ferri; Raffaele Garofalo; Luigi Roncoroni,,criminologia; psichiatria,,,[],,,,medico,Medicina,Medicina generale
Cesare Lombroso,psichiatra,Camillo Golgi; Enrico Ferri; Raffaele Garofalo; Luigi Roncoroni,,criminologia; psichiatria,,,[],,,,psichiatra,Medicina,Psichiatria
Cesare Lombroso,professore universitario,Camillo Golgi; Enrico Ferri; Raffaele Garofalo; Luigi Roncoroni,,criminologia; psichiatria,,,[],,,,professore universitario,Accademia,Docente universitario
Cesare Lombroso,criminologo,Camillo Golgi; Enrico Ferri; Raffaele Garofalo; Luigi Roncoroni,,criminologia; psichiatria,,,[],,,,criminologo,Scienze Sociali,Criminologia
Cesare Lombroso,saggista,Camillo Golgi; Enrico Ferri; Raffaele Garofalo; Luigi Roncoroni,,criminologia; psichiatria,,,[],,,,saggista,Arti & Cultura,Saggistica
Vito Longo,psichiatra,,,,,,[],,,,psichiatra,Medicina,Psichiatria
Saverio Luccarelli,ricercatore,,,,,,[],,,,ricercatore,Accademia,Ricerca
Ernesto Lugaro,psichiatra,,,,,,[],,,,psichiatra,Medicina,Psichiatria
Luigi Lugiato,fisico,,,,,,[],,,,fisico,Scienze Naturali,Fisica
Filippo Lussana,poeta,,,,,,[],,,,poeta,Arti & Cultura,Poesia
Filippo Lussana,fisiologo,,,,,,[],,,,fisiologo,Medicina,Fisiologia
Alberto Madeddu,psichiatra,,,,,,[],,,,psichiatra,Medicina,Psichiatria
Angelo Majorana,psicologo,,,,,,[],,,,psicologo,Psicologia,Psicologia generale
Angelo Majorana,neuropsichiatra,,,,,,[],,,,neuropsichiatra,Medicina,Neuropsichiatria
Mauro Mancia,,,,,,,[],,,,,,
Paolo Mantegazza,politico,,,,,,[],,,,politico,Politica & Diritto,Politica
Paolo Mantegazza,medico scrittore,,,,,,[],,,,medico scrittore,Medicina,Medicina
Paolo Mantegazza,neurologo,,,,,,[],,,,neurologo,Medicina,Neurologia
Paolo Mantegazza,biologo,,,,,,[],,,,biologo,Scienze Naturali,Biologia
Paolo Mantegazza,professore universitario,,,,,,[],,,,professore universitario,Accademia,Docente universitario
Paolo Mantegazza,fisiologo,,,,,,[],,,,fisiologo,Medicina,Fisiologia
Paolo Mantegazza,antropologo,,,,,,[],,,,antropologo,Scienze Sociali,Antropologia
Paolo Mantegazza,neuroscienziato,,,,,,[],,,,neuroscienziato,Scienze Naturali,Neuroscienze
Paolo Mantegazza,romanziere,,,,,,[],,,,romanziere,Arti & Cultura,Scrittura
Paolo Mantegazza,scrittore di fantascienza,,,,,,[],,,,scrittore di fantascienza,Arti & Cultura,Scrittura
James Mapelli,illusionista,,,,,,[],,,,illusionista,Arti & Cultura,Spettacolo
James Mapelli,psicoterapeuta,,,,,,[],,,,psicoterapeuta,Psicologia,Psicoterapia
Antonio Marro,psichiatra,,,,,,[],,,,psichiatra,Medicina,Psichiatria
Antonio Marro,psicologo,,,,,,[],,,,psicologo,Psicologia,Psicologia generale
Antonio Marro,antropologo,,,,,,[],,,,antropologo,Scienze Sociali,Antropologia
Piero Martinetti,traduttore,Giovanni Emanuele Barié,,filosofia,,,[],,,,traduttore,Arti & Cultura,Traduzione
Piero Martinetti,professore universitario,Giovanni Emanuele Barié,,filosofia,,,[],,,,professore universitario,Accademia,Docente universitario
Piero Martinetti,filosofo,Giovanni Emanuele Barié,,filosofia,,,[],,,,filosofo,Filosofia,Filosofia
Anton Marty,sacerdote cattolico,,,,,,[],Hermann Lotze,,,sacerdote cattolico,Religione,Clero cattolico
Anton Marty,pedagogista,,,,,,[],Hermann Lotze,,,pedagogista,Scienze Sociali,Pedagogia
Anton Marty,professore universitario,,,,,,[],Hermann Lotze,,,professore universitario,Accademia,Docente universitario
Anton Marty,filosofo,,,,,,[],Hermann Lotze,,,filosofo,Filosofia,Filosofia
Alberto Marzi,psicologo,,,,,,[],,,,psicologo,Psicologia,Psicologia generale
Alberto Marzi,professore universitario,,,,,,[],,,,professore universitario,Accademia,Docente universitario
Paolo Emilio Maspes,neuropsichiatra,,,,,,[],,,,neuropsichiatra,Medicina,Neuropsichiatria
Vito Massarotti,medico,,,,,,[],,,,medico,Medicina,Medicina generale
Manfredo Massironi,architetto,,,,,,[],,,,architetto,Arti & Cultura,Architettura
Manfredo Massironi,artista visuale,,,,,,[],,,,artista visuale,Arti & Cultura,Arte
Manfredo Massironi,kinetic artist,,,,,,[],,,,kinetic artist,Arti & Cultura,Arte
Angiola Massucco Costa,politico,,,,,,[],,,,politico,Politica & Diritto,Politica
Angiola Massucco Costa,psicologo,,,,,,[],,,,psicologo,Psicologia,Psicologia generale
Elda Mazzocchi Scarzella,scrittore,,,,,,[],,,,scrittore,Arti & Cultura,Scrittura
Elda Mazzocchi Scarzella,pedagogista,,,,,,[],,,,pedagogista,Scienze Sociali,Pedagogia
Eugenio Medea,psichiatra,,,,,,[],,,,psichiatra,Medicina,Psichiatria
Eugenio Medea,professore universitario,,,,,,[],,,,professore universitario,Accademia,Docente universitario
Alexius Meinong,professore,Alois Riegl,,filosofia; psicologia,,,[],,,,professore,Accademia,Docente
Alexius Meinong,matematico,Alois Riegl,,filosofia; psicologia,,,[],,,,matematico,Scienze Naturali,Matematica
Alexius Meinong,psicologo,Alois Riegl,,filosofia; psicologia,,,[],,,,psicologo,Psicologia,Psicologia generale
Alexius Meinong,filosofo,Alois Riegl,,filosofia; psicologia,,,[],,,,filosofo,Filosofia,Filosofia
Giuseppe Melli,filosofo,,,,,,[],,,,filosofo,Filosofia,Filosofia
Umberto Meneghetti,,,,,,,,,,,,,
Giovanni Mercurio,psichiatra,,,,,,[],,,,psichiatra,Medicina,Psichiatria
Luigi Meschieri,psicologo,,,,,,[],,,,psicologo,Psicologia,Psicologia generale
Luigi Meschieri,professore universitario,,,,,,[],,,,professore universitario,Accademia,Docente universitario
Fabio Metelli,psicologo,,,,,,[],,,,psicologo,Psicologia,Psicologia generale
Fabio Metelli,professore universitario,,,,,,[],,,,professore universitario,Accademia,Docente universitario
Albert Edouard Michotte van den Berck,,,,,,,,,,,,,
Bruno Milani,neuropsichiatra,,,,,,[],,,,neuropsichiatra,Medicina,Neuropsichiatria
Giovanni Mingazzini,neurologo,,,,,,[],,,,neurologo,Medicina,Neurologia
Raffaello Misiti,politico,,,,,,"[{""party"": ""Partito Comunista Italiano"", ""start"": null, ""end"": null}]",,,,politico,Politica & Diritto,Politica
Raffaello Misiti,psicologo,,,,,,"[{""party"": ""Partito Comunista Italiano"", ""start"": null, ""end"": null}]",,,,psicologo,Psicologia,Psicologia generale
Gustavo Modena,psichiatra,,,,,,[],,,,psichiatra,Medicina,Psichiatria
Gustavo Modena,neurologo,,,,,,[],,,,neurologo,Medicina,Neurologia
Casimiro Mondino,psichiatra,,,,,,[],,,,psichiatra,Medicina,Psichiatria
Casimiro Mondino,professore universitario,,,,,,[],,,,professore universitario,Accademia,Docente universitario
Giuseppe Ferruccio Montesano,psichiatra,,,,,,[],,,,psichiatra,Medicina,Psichiatria
Giuseppe Ferruccio Montesano,psicologo,,,,,,[],,,,psicologo,Psicologia,Psicologia generale
Mario Moreno,psichiatra,,,,,,[],,,,psichiatra,Medicina,Psichiatria
Edgardo Isacco Morpurgo,,,,,,,,,,,,,
Enzo Morpurgo,psicoanalista,,,,,,[],,,,psicoanalista,Psicologia,Psicoanalisi
Mauro Morra,psichiatra,,,,,,[],,,,psichiatra,Medicina,Psichiatria
Enrico Morselli,medico,,,,,,[],,,,medico,Medicina,Medicina generale
Enrico Morselli,psichiatra,,,,,,[],,,,psichiatra,Medicina,Psichiatria
Enrico Morselli,antropologo,,,,,,[],,,,antropologo,Scienze Sociali,Antropologia
Giuseppe Mosconi,psicologo,,,,,,[],,,,psicologo,Psicologia,Psicologia generale
Angelo Mosso,medico,,,,,,[],,,,medico,Medicina,Medicina generale
Angelo Mosso,politico,,,,,,[],,,,politico,Politica & Diritto,Politica
Angelo Mosso,inventore,,,,,,[],,,,inventore,Scienze Naturali,Innovazione
Angelo Mosso,professore universitario,,,,,,[],,,,professore universitario,Accademia,Docente universitario
Angelo Mosso,fisiologo,,,,,,[],,,,fisiologo,Medicina,Fisiologia
Angelo Mosso,archeologo,,,,,,[],,,,archeologo,Scienze Sociali,Archeologia
Ernesto Muggia,psicologo,,,,,,[],,,,psicologo,Psicologia,Psicologia generale
Georg Elias Müller,economista,Géza Révész,,,,,[],Hermann Lotze,,,economista,Scienze Sociali,Economia
Georg Elias Müller,psicologo,Géza Révész,,,,,[],Hermann Lotze,,,psicologo,Psicologia,Psicologia generale
Georg Elias Müller,professore universitario,Géza Révész,,,,,[],Hermann Lotze,,,professore universitario,Accademia,Docente universitario
Cesare Luigi Musatti,,,,,,,,,,,,,
Diego Napolitani,psichiatra,,,,,,[],,,,psichiatra,Medicina,Psichiatria
Diego Napolitani,psicoanalista,,,,,,[],,,,psicoanalista,Psicologia,Psicoanalisi
Fabrizio Napolitani,,,,,,,,,,,,,
Virginio Nava,psichiatra,,,,,,[],,,,psichiatra,Medicina,Psichiatria
Ludovico Necchi,medico,,,cristianesimo; psicologia,,,[],,,,medico,Medicina,Medicina generale
Ludovico Necchi,neuropsichiatra,,,cristianesimo; psicologia,,,[],,,,neuropsichiatra,Medicina,Neuropsichiatria
Berta Neumann,,,,,,,,,,,,,
Umberto Neyroz,psicologo,,,,,,[],,,,psicologo,Psicologia,Psicologia generale
Umberto Neyroz,pedagogista,,,,,,[],,,,pedagogista,Scienze Sociali,Pedagogia
Luciana Nissim Momigliano,medico,,,,,,[],,,,medico,Medicina,Medicina generale
Luciana Nissim Momigliano,partigiano,,,,,,[],,,,partigiano,Politica & Diritto,Resistenza
Luciana Nissim Momigliano,psicoanalista,,,,,,[],,,,psicoanalista,Psicologia,Psicoanalisi
Arnaldo Novelletto,psichiatra,,,,,,[],,,,psichiatra,Medicina,Psichiatria
Secondo (Dino) Origlia,,,,,,,,,,,,,
Ottiero Ottieri,sceneggiatore,,Silvana Mauri,sociologia; scrittura; letteratura; traduzione; storia della letteratura italiana,,,[],,,,sceneggiatore,Media & Cinema,Cinema
Ottiero Ottieri,scrittore,,Silvana Mauri,sociologia; scrittura; letteratura; traduzione; storia della letteratura italiana,,,[],,,,scrittore,Arti & Cultura,Scrittura
Ottiero Ottieri,poeta,,Silvana Mauri,sociologia; scrittura; letteratura; traduzione; storia della letteratura italiana,,,[],,,,poeta,Arti & Cultura,Poesia
Ottiero Ottieri,traduttore,,Silvana Mauri,sociologia; scrittura; letteratura; traduzione; storia della letteratura italiana,,,[],,,,traduttore,Arti & Cultura,Traduzione
Ottiero Ottieri,giornalista,,Silvana Mauri,sociologia; scrittura; letteratura; traduzione; storia della letteratura italiana,,,[],,,,giornalista,Arti & Cultura,Giornalismo
Ottiero Ottieri,sociologo,,Silvana Mauri,sociologia; scrittura; letteratura; traduzione; storia della letteratura italiana,,,[],,,,sociologo,Scienze Sociali,Sociologia
Ottiero Ottieri,italianista,,Silvana Mauri,sociologia; scrittura; letteratura; traduzione; storia della letteratura italiana,,,[],,,,italianista,Arti & Cultura,Filologia
Paolo Ottonello,neuropsichiatra,,,,,,[],,,,neuropsichiatra,Medicina,Neuropsichiatria
Luigi (Gino) Pagliarani,,,,,,,,,,,,,
Mara Palazzoli Selvini,,,,,,,,,,,,,
Eusapia Maria Palladino,,,,,,,,,,,,,
Mario Panizza,medico,,,,,,[],,,,medico,Medicina,Medicina generale
Mario Panizza,politico,,,,,,[],,,,politico,Politica & Diritto,Politica
Mario Panizza,professore universitario,,,,,,[],,,,professore universitario,Accademia,Docente universitario
Giuseppe (Pino) Pannacci,,,,,,,,,,,,,
Annibale Valentino Pastore,,,,,,,,,,,,,
Marialisa (Billa) Pedroni Zanuso,,,,,,,,,,,,,
Giovanni Battista Pellizzi,psichiatra,,,,,,[],,,,psichiatra,Medicina,Psichiatria
Nicola Perrotti,politico,,,,,,"[{""party"": ""Partito Socialista Italiano"", ""start"": null, ""end"": null}]",,,,politico,Politica & Diritto,Politica
Gaetano Perusini,medico,,,,,,[],,,,medico,Medicina,Medicina generale
Gaetano Perusini,psichiatra,,,,,,[],,,,psichiatra,Medicina,Psichiatria
Pietro Petrazzani,psichiatra,,,,,,[],,,,psichiatra,Medicina,Psichiatria
Arnaldo Pieraccini,psichiatra,,,,,,[],,,,psichiatra,Medicina,Psichiatria
Carlo Pieraccini,psichiatra,,,,,,[],,,,psichiatra,Medicina,Psichiatria
Giacomo Pighini,psichiatra,,,,,,[],,,,psichiatra,Medicina,Psichiatria
Mario Pilo,critico d'arte,,Ginevra Speraz,,,,[],,,,critico d'arte,Arti & Cultura,Arte
Paolo Pini,psichiatra,,,,,,[],,,,psichiatra,Medicina,Psichiatria
Giuseppe Pintus,militare,,,,,,[],,,,militare,Politica & Diritto,Forze armate
Ester Pirami,psichiatra,,,,,,[],,,,psichiatra,Medicina,Psichiatria
Ester Pirami,pediatra,,,,,,[],,,,pediatra,Medicina,Pediatria
Agostino Pirella,psichiatra,,,,,,[],,,,psichiatra,Medicina,Psichiatria
Domenico Antonio Pisani,,,,,,,,,,,,,
Giuseppina Pizzigoni,pedagogista,,,,,,[],,,,pedagogista,Scienze Sociali,Pedagogia
Ugo Pizzoli,,,,,,,[],,,,,,
Ezio Ponzo,psicologo,,,,,,[],,,,psicologo,Psicologia,Psicologia generale
Ezio Ponzo,pediatra,,,,,,[],,,,pediatra,Medicina,Pediatria
Mario Ponzo,psicologo,,,,,,[],,,,psicologo,Psicologia,Psicologia generale
Virginio Porta,psichiatra,,,,,,[],,,,psichiatra,Medicina,Psichiatria
Antigono Raggi,psichiatra,,,,,,[],,,,psichiatra,Medicina,Psichiatria
Antigono Raggi,professore universitario,,,,,,[],,,,professore universitario,Accademia,Docente universitario
Pál Ranschburg,professore,,,psichiatria; psicologia,,,[],,,,professore,Accademia,Docente
Pál Ranschburg,psichiatra,,,psichiatria; psicologia,,,[],,,,psichiatra,Medicina,Psichiatria
Pál Ranschburg,psicologo,,,psichiatria; psicologia,,,[],,,,psicologo,Psicologia,Psicologia generale
Pál Ranschburg,neurologo,,,psichiatria; psicologia,,,[],,,,neurologo,Medicina,Neurologia
Rodolfo Reichmann,psicologo,,,,,,[],,,,psicologo,Psicologia,Psicologia generale
Géza Révész,economista,,,,,,[],,,,economista,Scienze Sociali,Economia
Géza Révész,psichiatra,,,,,,[],,,,psichiatra,Medicina,Psichiatria
Géza Révész,psicologo,,,,,,[],,,,psicologo,Psicologia,Psicologia generale
Géza Révész,professore universitario,,,,,,[],,,,professore universitario,Accademia,Docente universitario
Géza Révész,musicologo,,,,,,[],,,,musicologo,Arti & Cultura,Musicologia
Charles Robert Richet,,,,,,,,,,,,,
Eugenio Rignano,psicologo,,Nina Sullam Rignano,filosofia; sociologia; biologia; psicologia,,,[],,,,psicologo,Psicologia,Psicologia generale
Eugenio Rignano,sociologo,,Nina Sullam Rignano,filosofia; sociologia; biologia; psicologia,,,[],,,,sociologo,Scienze Sociali,Sociologia
Eugenio Rignano,filosofo,,Nina Sullam Rignano,filosofia; sociologia; biologia; psicologia,,,[],,,,filosofo,Filosofia,Filosofia
Giuseppe Carlo Riquier,professore universitario,,,,,,[],,,,professore universitario,Accademia,Docente universitario
Giuseppe Carlo Riquier,neuropsichiatra,,,,,,[],,,,neuropsichiatra,Medicina,Neuropsichiatria
George John Romanes,poeta,,Ethel Romanes,,Charles Darwin,,[],,,,poeta,Arti & Cultura,Poesia
George John Romanes,psicologo,,Ethel Romanes,,Charles Darwin,,[],,,,psicologo,Psicologia,Psicologia generale
George John Romanes,zoologo,,Ethel Romanes,,Charles Darwin,,[],,,,zoologo,Scienze Naturali,Zoologia
George John Romanes,fisiologo,,Ethel Romanes,,Charles Darwin,,[],,,,fisiologo,Medicina,Fisiologia
George John Romanes,filosofo,,Ethel Romanes,,Charles Darwin,,[],,,,filosofo,Filosofia,Filosofia
George John Romanes,biologo evoluzionista,,Ethel Romanes,,Charles Darwin,,[],,,,biologo evoluzionista,Scienze Naturali,Biologia
George John Romanes,etologo,,Ethel Romanes,,Charles Darwin,,[],,,,etologo,Scienze Naturali,Etologia
Dario Ferdinando Romano,psicologo,,,,,,[],,,,psicologo,Psicologia,Psicologia generale
Dario Ferdinando Romano,professore universitario,,,,,,[],,,,professore universitario,Accademia,Docente universitario
Mario Manlio Rossi,filosofo,,,,,,[],,,,filosofo,Filosofia,Filosofia
Achille Sacchi,,,,,,,[],,,,,,
Francesco Umberto Saffiotti,psicologo,,,,,,[],,,,psicologo,Psicologia,Psicologia generale
Pietro Paolo Sarteschi,,,,,,,,,,,,,
Tommaso Senise,medico,,,,,,[],,,,medico,Medicina,Medicina generale
Tommaso Senise,politico,,,,,,[],,,,politico,Politica & Diritto,Politica
Giuseppe Seppilli,medico,,,medicina; psichiatria,,,[],,,,medico,Medicina,Medicina generale
Giuseppe Seppilli,psichiatra,,,medicina; psichiatria,,,[],,,,psichiatra,Medicina,Psichiatria
Giuseppe Sergi,antropologo,,,filosofia,,,[],,,,antropologo,Scienze Sociali,Antropologia
Emilio Servadio,esoterista,,,,,,[],,,,esoterista,Scienze Sociali,Esoterismo
Vanda Shrenger Weiss,pediatra,,Edoardo Weiss,,,,[],,,,pediatra,Medicina,Pediatria
Vanda Shrenger Weiss,psicoanalista,,Edoardo Weiss,,,,[],,,,psicoanalista,Psicologia,Psicoanalisi
Pietro Siciliani,pedagogista,,,,,,[],,,,pedagogista,Scienze Sociali,Pedagogia
Pietro Siciliani,professore universitario,,,,,,[],,,,professore universitario,Accademia,Docente universitario
Pietro Siciliani,filosofo,,,,,,[],,,,filosofo,Filosofia,Filosofia
Scipio Sighele,scrittore,,,criminologia; sociologia,,,[],,,,scrittore,Arti & Cultura,Scrittura
Scipio Sighele,psicologo,,,criminologia; sociologia,,,[],,,,psicologo,Psicologia,Psicologia generale
Scipio Sighele,professore universitario,,,criminologia; sociologia,,,[],,,,professore universitario,Accademia,Docente universitario
Scipio Sighele,antropologo,,,criminologia; sociologia,,,[],,,,antropologo,Scienze Sociali,Antropologia
Scipio Sighele,criminologo,,,criminologia; sociologia,,,[],,,,criminologo,Scienze Sociali,Criminologia
Antonio Slavich,psichiatra,,,,,,[],,,,psichiatra,Medicina,Psichiatria
Charles Edward Spearman,,,,,,,,,,,,,
Caterino Stefani,,,,,,,[],,,,,,
Luigi Stefanini,pedagogista,,,,,,[],,,,pedagogista,Scienze Sociali,Pedagogia
Luigi Stefanini,professore universitario,,,,,,[],,,,professore universitario,Accademia,Docente universitario
Luigi Stefanini,filosofo,,,,,,[],,,,filosofo,Filosofia,Filosofia
Carl Stumpf,psicologo,Edmund Husserl; Erich Rothacker; Hans Cornelius,,,Bernard Bolzano,,[],Hermann Lotze,,,psicologo,Psicologia,Psicologia generale
Carl Stumpf,professore universitario,Edmund Husserl; Erich Rothacker; Hans Cornelius,,,Bernard Bolzano,,[],Hermann Lotze,,,professore universitario,Accademia,Docente universitario
Carl Stumpf,filosofo,Edmund Husserl; Erich Rothacker; Hans Cornelius,,,Bernard Bolzano,,[],Hermann Lotze,,,filosofo,Filosofia,Filosofia
Carl Stumpf,musicologo,Edmund Husserl; Erich Rothacker; Hans Cornelius,,,Bernard Bolzano,,[],Hermann Lotze,,,musicologo,Arti & Cultura,Musicologia
Carl Stumpf,teorico della musica,Edmund Husserl; Erich Rothacker; Hans Cornelius,,,Bernard Bolzano,,[],Hermann Lotze,,,teorico della musica,Arti & Cultura,Musicologia
Carl Stumpf,etnomusicologo,Edmund Husserl; Erich Rothacker; Hans Cornelius,,,Bernard Bolzano,,[],Hermann Lotze,,,etnomusicologo,Arti & Cultura,Musicologia
Augusto Tamburini,medico,,,medicina; psichiatria,,,[],,,,medico,Medicina,Medicina generale
Augusto Tamburini,psichiatra,,,medicina; psichiatria,,,[],,,,psichiatra,Medicina,Psichiatria
Michele Tansella,psichiatra,,,psichiatria; psicologia medica,,,[],,,,psichiatra,Medicina,Psichiatria
Michele Tansella,curatore editoriale,,,psichiatria; psicologia medica,,,[],,,,curatore editoriale,Media & Cinema,Editoria
Eugenio Tanzi,psichiatra,,,,,,[],,,,psichiatra,Medicina,Psichiatria
Augusto Tebaldi,psichiatra,,,,,,[],,,,psichiatra,Medicina,Psichiatria
Mario Tiengo,scienziato,,,,,,[],,,,scienziato,Scienze Naturali,Scienze generali
Mario Tiengo,medico,,,,,,[],,,,medico,Medicina,Medicina generale
Vitige Tirelli,psichiatra,,,,,,[],,,,psichiatra,Medicina,Psichiatria
Vitige Tirelli,medico legale,,,,,,[],,,,medico legale,Medicina,Medicina legale
Silvio Tonnini,psichiatra,,,,,,[],,,,psichiatra,Medicina,Psichiatria
Silvio Tonnini,professore universitario,,,,,,[],,,,professore universitario,Accademia,Docente universitario
Marco Treves,architetto,,,,,,[],,,,architetto,Arti & Cultura,Architettura
Zaccaria Treves,medico,,,,,,[],,,,medico,Medicina,Medicina generale
Corrado Tumiati,traduttore,,,,,,[],,,,traduttore,Arti & Cultura,Traduzione
Corrado Tumiati,medico scrittore,,,,,,[],,,,medico scrittore,Medicina,Medicina
Corrado Tumiati,giornalista,,,,,,[],,,,giornalista,Arti & Cultura,Giornalismo
Kasimir Twardowski,,,,,,,,,,,,,
Pasquale Uva,sacerdote cattolico,,,,,,[],,,,sacerdote cattolico,Religione,Clero cattolico
Giovanni Vailati,matematico,,,matematica; filosofia; storia; storia della matematica; storia della scienza,,,[],,,,matematico,Scienze Naturali,Matematica
Giovanni Vailati,storico,,,matematica; filosofia; storia; storia della matematica; storia della scienza,,,[],,,,storico,Arti & Cultura,Storia
Giovanni Vailati,filosofo,,,matematica; filosofia; storia; storia della matematica; storia della scienza,,,[],,,,filosofo,Filosofia,Filosofia
Giovanni Vailati,storico della scienza,,,matematica; filosofia; storia; storia della matematica; storia della scienza,,,[],,,,storico della scienza,Arti & Cultura,Storia della scienza
Ernesto Valentini,psicologo,,,,,,[],,,,psicologo,Psicologia,Psicologia generale
Ernesto Valentini,professore universitario,,,,,,[],,,,professore universitario,Accademia,Docente universitario
Dina Vallino,psicoanalista,,,,,,[],,,,psicoanalista,Psicologia,Psicoanalisi
Piero Varenna,psichiatra,,,,,,[],,,,psichiatra,Medicina,Psichiatria
Nicolae Vaschide,,,,,,,,,,,,,
Maria Venturini,psicologo,,,,,,[],,,,psicologo,Psicologia,Psicologia generale
Riccardo Venturini,medico,,,,,,[],,,,medico,Medicina,Medicina generale
Riccardo Venturini,psicologo,,,,,,[],,,,psicologo,Psicologia,Psicologia generale
Andrea Verga,medico,,,,,,[],,,,medico,Medicina,Medicina generale
Andrea Verga,politico,,,,,,[],,,,politico,Politica & Diritto,Politica
Andrea Verga,psichiatra,,,,,,[],,,,psichiatra,Medicina,Psichiatria
Giovanni Battista Verga,,,,,,,,,,,,,
Benedetto Viale,politico,,,,,,[],,Lorenzo Centurione,Ambrogio Imperiale,politico,Politica & Diritto,Politica
Cesare Vigna,medico,,,,,,[],,,,medico,Medicina,Medicina generale
Cesare Vigna,psichiatra,,,,,,[],,,,psichiatra,Medicina,Psichiatria
Cesare Vigna,musicologo,,,,,,[],,,,musicologo,Arti & Cultura,Musicologia
Tito Vignoli,psicologo,,,antropologia; filosofia; museum management; museo di storia naturale,,,[],,,,psicologo,Psicologia,Psicologia generale
Tito Vignoli,professore universitario,,,antropologia; filosofia; museum management; museo di storia naturale,,,[],,,,professore universitario,Accademia,Docente universitario
Tito Vignoli,antropologo,,,antropologia; filosofia; museum management; museo di storia naturale,,,[],,,,antropologo,Scienze Sociali,Antropologia
Ernst Heinrich Weber,,,,,,,,,,,,,
Edoardo Weiss,professore universitario,,Vanda Shrenger Weiss,,,,[],,,,professore universitario,Accademia,Docente universitario
Edoardo Weiss,psicoanalista,,Vanda Shrenger Weiss,,,,[],,,,psicoanalista,Psicologia,Psicoanalisi
Max Wertheimer,psicologo,Theodora Mead Abel,,psicologia,,,[],Oswald Külpe,,,psicologo,Psicologia,Psicologia generale
Max Wertheimer,professore universitario,Theodora Mead Abel,,psicologia,,,[],Oswald Külpe,,,professore universitario,Accademia,Docente universitario
Max Wertheimer,filosofo,Theodora Mead Abel,,psicologia,,,[],Oswald Külpe,,,filosofo,Filosofia,Filosofia
"Alessandra Wolff Stomersee Tomasi di Palma, principessa di Lampedusa",,,,,,,,,,,,,
Wilhelm Wundt,scrittore,Émile Durkheim; Ferdinand Tönnies; Edmund Husserl; Ludwig Lange; Franz Boas; Ernst Meumann; Bronislaw Kasper Malinowski; Edward Sapir; Vladimir Michajlovič Bechterev; George Herbert Mead; Constantin Rădulescu-Motru; William Thomas; Karl Julius Lohnert; Vitaly Serebrenikov; Władysław Witwicki; Richard Arwed Pfeifer,Sophie melano,fisiologia; volkerpsychologie; psicologia sperimentale,Gottfried Wilhelm von Leibniz,,[],Karl Ewald Hasse,,,scrittore,Arti & Cultura,Scrittura
Wilhelm Wundt,psicologo,Émile Durkheim; Ferdinand Tönnies; Edmund Husserl; Ludwig Lange; Franz Boas; Ernst Meumann; Bronislaw Kasper Malinowski; Edward Sapir; Vladimir Michajlovič Bechterev; George Herbert Mead; Constantin Rădulescu-Motru; William Thomas; Karl Julius Lohnert; Vitaly Serebrenikov; Władysław Witwicki; Richard Arwed Pfeifer,Sophie melano,fisiologia; volkerpsychologie; psicologia sperimentale,Gottfried Wilhelm von Leibniz,,[],Karl Ewald Hasse,,,psicologo,Psicologia,Psicologia generale
Wilhelm Wundt,professore universitario,Émile Durkheim; Ferdinand Tönnies; Edmund Husserl; Ludwig Lange; Franz Boas; Ernst Meumann; Bronislaw Kasper Malinowski; Edward Sapir; Vladimir Michajlovič Bechterev; George Herbert Mead; Constantin Rădulescu-Motru; William Thomas; Karl Julius Lohnert; Vitaly Serebrenikov; Władysław Witwicki; Richard Arwed Pfeifer,Sophie melano,fisiologia; volkerpsychologie; psicologia sperimentale,Gottfried Wilhelm von Leibniz,,[],Karl Ewald Hasse,,,professore universitario,Accademia,Docente universitario
Wilhelm Wundt,fisiologo,Émile Durkheim; Ferdinand Tönnies; Edmund Husserl; Ludwig Lange; Franz Boas; Ernst Meumann; Bronislaw Kasper Malinowski; Edward Sapir; Vladimir Michajlovič Bechterev; George Herbert Mead; Constantin Rădulescu-Motru; William Thomas; Karl Julius Lohnert; Vitaly Serebrenikov; Władysław Witwicki; Richard Arwed Pfeifer,Sophie melano,fisiologia; volkerpsychologie; psicologia sperimentale,Gottfried Wilhelm von Leibniz,,[],Karl Ewald Hasse,,,fisiologo,Medicina,Fisiologia
Wilhelm Wundt,filosofo,Émile Durkheim; Ferdinand Tönnies; Edmund Husserl; Ludwig Lange; Franz Boas; Ernst Meumann; Bronislaw Kasper Malinowski; Edward Sapir; Vladimir Michajlovič Bechterev; George Herbert Mead; Constantin Rădulescu-Motru; William Thomas; Karl Julius Lohnert; Vitaly Serebrenikov; Władysław Witwicki; Richard Arwed Pfeifer,Sophie melano,fisiologia; volkerpsychologie; psicologia sperimentale,Gottfried Wilhelm von Leibniz,,[],Karl Ewald Hasse,,,filosofo,Filosofia,Filosofia
Mario Zalla,psichiatra,,,,,,[],,,,psichiatra,Medicina,Psichiatria
Mario Zalla,professore universitario,,,,,,[],,,,professore universitario,Accademia,Docente universitario
Ignazio Zani,psichiatra,,,,,,[],,,,psichiatra,Medicina,Psichiatria
Giovanni Carlo Zapparoli,psicologo,,,,,,[],,,,psicologo,Psicologia,Psicologia generale
Giovanni Carlo Zapparoli,psicoanalista,,,,,,[],,,,psicoanalista,Psicologia,Psicoanalisi
Georg Theodor Ziehen,,,,,,,,,,,,,
Giorgio Zunini,psicologo,,,,,,[],,,,psicologo,Psicologia,Psicologia generale
Giorgio Zunini,sacerdote cattolico,,,,,,[],,,,sacerdote cattolico,Religione,Clero cattolico
Giorgio Zunini,professore universitario,,,,,,[],,,,professore universitario,Accademia,Docente universitario
